[null,{"name":"[Verify]Code","temp":"memberjoined","event-type":"6","actions":[{"storage":"2","varName":"verification-code","min":"000000","max":"999999","name":"Generate Random Number"},{"info":"1","find":"verify","storage":"2","varName":"verify-channel","name":"Find Channel"},{"title":"","author":"","color":"#4b0082","timestamp":"true","url":"","authorIcon":"","imageUrl":"","thumbUrl":"","storage":"1","varName":"embed","name":"Create Embed Message"},{"storage":"1","varName":"embed","fieldName":"Verification code:","message":"${serverVars(\"verification-code\")}","inline":"1","name":"Add Embed Field"},{"storage":"1","varName":"embed","fieldName":"Verify channel:","message":"${serverVars(\"verify-channel\")}","inline":"1","name":"Add Embed Field"},{"storage":"1","varName":"embed","fieldName":"How to verify?","message":"To verify yourself, you must use `-verify YOURCODE` in the verification channel.\nFor ease of access for mobile users, the next message will be the code which you can copy and paste.","inline":"1","name":"Add Embed Field"},{"storage":"1","varName":"embed","message":"Bot made by Alex_Playz#1574","footerIcon":"https://i.imgur.com/ri2GyaH.png","name":"Set Embed Footer"},{"storage":"1","varName":"embed","channel":"5","varName2":"memberjoined","storage3":"0","varName3":"","name":"Send Embed Message"},{"channel":"5","varName":"memberjoined","message":"${serverVars(\"verification-code\")}","storage":"2","varName2":"temp-verify-code","name":"Send Message"}]},{"name":"Welcome","temp":"member","event-type":"6","actions":[{"member":"2","varName":"member","info":"22","storage":"1","varName2":"name","name":"Store Member Info"},{"server":"0","varName":"","info":"2","storage":"1","varName2":"server-name","name":"Store Server Info"},{"info":"1","find":"welcome-log","storage":"1","varName":"welcome-channel","name":"Find Channel"},{"info":"1","find":"verify","storage":"1","varName":"verify-channel-tag","name":"Find Channel"},{"title":"","author":"","color":"#4b0082","timestamp":"true","url":"","authorIcon":"","imageUrl":"","thumbUrl":"","storage":"1","varName":"welcome-embed","name":"Create Embed Message"},{"storage":"1","varName":"welcome-embed","fieldName":"Welcome!","message":"Welcome, ${tempVars(\"member\")} to **${tempVars(\"server-name\")}**! Please verify @ ${tempVars(\"verify-channel-tag\")} with the code that was DM'd to you.","inline":"1","name":"Add Embed Field"},{"storage":"1","varName":"welcome-embed","message":"Bot made by Alex_Playz#1574","footerIcon":"https://i.imgur.com/ri2GyaH.png","name":"Set Embed Footer"},{"storage":"1","varName":"welcome-embed","channel":"5","varName2":"welcome-channel","storage3":"0","varName3":"","name":"Send Embed Message"}],"restriction":"0","_id":"vGgNw","permissions":"NONE"}]